Number_of_Riders,Number_of_Drivers,Location_Category,Customer_Loyalty_Status,Number_of_Past_Rides,Average_Ratings,Time_of_Booking,Vehicle_Type,Expected_Ride_Duration,Historical_Cost_of_Ride
90,45,Urban,Silver,13,4.47,Night,Premium,90,284.257273
58,39,Suburban,Silver,72,4.06,Evening,Economy,43,173.8747527
42,31,Rural,Silver,0,3.99,Afternoon,Premium,76,329.795469
89,28,Rural,Regular,67,4.31,Afternoon,Premium,134,470.2012318
78,22,Rural,Regular,74,3.77,Afternoon,Economy,149,579.6814224
59,35,Urban,Silver,83,3.51,Night,Economy,128,339.9553606
93,43,Suburban,Regular,44,4.41,Afternoon,Premium,16,104.0615413
62,39,Rural,Gold,83,3.59,Afternoon,Premium,47,235.8118636
79,14,Rural,Silver,71,3.74,Evening,Economy,128,501.4125175
42,6,Rural,Silver,21,3.85,Night,Premium,128,398.9933646
86,17,Urban,Regular,99,4.69,Morning,Economy,167,669.2986265
60,38,Rural,Gold,15,4.14,Evening,Premium,144,414.9901047
24,8,Rural,Gold,50,4.12,Morning,Economy,164,490.4107217
36,24,Suburban,Silver,88,4.22,Night,Premium,83,296.242876
63,13,Rural,Regular,74,4.95,Afternoon,Premium,102,327.0888649
39,12,Urban,Silver,30,4.51,Afternoon,Premium,140,445.1368684
38,28,Rural,Silver,35,3.93,Afternoon,Premium,54,244.5361718
46,14,Suburban,Silver,21,4.71,Afternoon,Economy,15,47.31430863
33,7,Suburban,Gold,49,4.31,Evening,Premium,22,129.8082629
31,7,Suburban,Silver,24,4.82,Evening,Premium,87,382.9481103
96,45,Urban,Regular,6,4.95,Afternoon,Premium,11,82.77279318
22,11,Suburban,Silver,79,4.48,Night,Economy,15,64.07117256
74,16,Rural,Regular,6,3.97,Morning,Economy,139,390.6687658
24,12,Urban,Regular,10,3.6,Evening,Premium,45,212.166525
48,19,Suburban,Gold,72,3.81,Night,Premium,65,235.6581337
56,13,Rural,Regular,36,4.81,Evening,Economy,162,406.5574981
72,33,Rural,Gold,66,4.39,Morning,Premium,30,182.4744271
97,75,Urban,Silver,76,4.7,Night,Economy,158,652.6172973
62,33,Suburban,Regular,39,3.91,Evening,Premium,129,403.2270984
57,38,Suburban,Silver,54,4.1,Night,Premium,131,537.7848595
25,7,Suburban,Silver,13,3.99,Morning,Premium,81,286.1314526
75,56,Suburban,Gold,94,4.79,Evening,Premium,153,485.0546633
39,9,Urban,Gold,39,4.64,Afternoon,Premium,48,171.0859835
35,24,Suburban,Gold,73,3.76,Evening,Premium,105,485.8784537
68,32,Suburban,Regular,34,3.58,Morning,Economy,77,294.7328865
96,43,Rural,Silver,97,3.68,Morning,Premium,91,392.8387204
28,11,Suburban,Gold,52,4.33,Afternoon,Premium,94,456.1809468
25,15,Rural,Gold,65,4.88,Evening,Premium,101,502.5293208
28,6,Suburban,Regular,2,4.29,Morning,Economy,89,244.2176617
73,17,Rural,Regular,14,4.81,Evening,Premium,170,634.7265312
36,18,Urban,Silver,88,3.73,Night,Premium,92,345.4067683
56,10,Urban,Silver,55,4.5,Night,Economy,45,151.1521296
97,81,Suburban,Regular,52,4.56,Evening,Economy,125,530.7599939
63,9,Rural,Regular,89,3.87,Afternoon,Premium,166,482.8501642
78,33,Urban,Silver,35,4.46,Morning,Premium,116,355.9595075
29,10,Suburban,Regular,25,3.77,Afternoon,Economy,91,303.9609626
73,33,Suburban,Silver,60,3.88,Night,Premium,161,514.8771742
94,29,Urban,Regular,67,3.59,Evening,Premium,96,361.132355
54,28,Suburban,Silver,83,4.49,Night,Economy,32,80.26246462
67,6,Rural,Gold,15,3.53,Night,Economy,123,420.6239113
23,8,Urban,Silver,27,4.73,Afternoon,Economy,117,520.8926706
70,14,Urban,Silver,16,4.3,Morning,Economy,53,183.075791
20,10,Rural,Silver,70,4.92,Evening,Economy,65,190.1374636
95,84,Suburban,Gold,18,3.86,Afternoon,Premium,112,522.3021029
43,16,Urban,Silver,40,4.89,Night,Premium,106,410.6863449
97,55,Suburban,Silver,94,4.62,Evening,Premium,150,584.9958711
32,20,Rural,Silver,44,3.55,Night,Economy,68,301.6226264
95,25,Suburban,Regular,72,4.16,Morning,Premium,128,413.587084
47,15,Urban,Gold,14,4.84,Night,Economy,89,273.1181046
25,11,Rural,Silver,33,3.85,Night,Economy,94,247.1745627
37,22,Rural,Regular,76,4.72,Afternoon,Economy,69,213.4432508
59,39,Suburban,Gold,49,3.78,Morning,Premium,98,295.7943802
42,20,Urban,Silver,88,4.64,Night,Premium,29,145.0698092
53,11,Rural,Regular,2,3.5,Afternoon,Premium,81,297.0186264
79,64,Rural,Regular,91,4.57,Night,Economy,164,666.6870291
59,23,Urban,Gold,41,4.97,Evening,Premium,91,449.5456339
40,29,Urban,Regular,72,4.3,Afternoon,Economy,147,624.98601
76,40,Suburban,Silver,77,4.17,Morning,Economy,28,96.03520852
41,26,Urban,Regular,96,3.91,Night,Economy,169,637.7593916
83,14,Urban,Regular,80,4.77,Night,Premium,64,295.588711
44,17,Rural,Regular,15,4,Evening,Economy,98,353.3385451
91,73,Urban,Gold,61,4.39,Night,Economy,15,62.25429042
54,16,Suburban,Regular,8,4.5,Afternoon,Premium,67,266.0685899
59,37,Rural,Silver,86,4.67,Night,Premium,95,340.1282671
72,43,Suburban,Gold,28,4.87,Afternoon,Economy,132,443.2581554
47,9,Rural,Gold,49,4.44,Evening,Economy,96,265.0552744
32,22,Rural,Silver,49,4.65,Night,Economy,60,221.4343855
45,13,Rural,Regular,96,4.84,Night,Economy,112,393.2308288
72,45,Urban,Silver,82,4.42,Night,Premium,40,151.5804041
56,15,Urban,Gold,34,4.72,Night,Premium,78,313.9950046
42,22,Rural,Silver,67,3.81,Afternoon,Premium,82,366.1515261
52,14,Suburban,Silver,87,3.54,Afternoon,Premium,98,425.9735688
81,23,Urban,Gold,39,4.3,Evening,Economy,143,359.053128
77,25,Rural,Regular,70,4.27,Afternoon,Premium,52,260.3441798
27,6,Urban,Gold,2,4.42,Night,Economy,86,320.3017092
74,34,Rural,Regular,18,4.66,Morning,Premium,140,454.4921215
92,69,Urban,Silver,88,4.69,Afternoon,Economy,18,45.1150237
77,34,Rural,Gold,33,4.13,Night,Premium,48,223.6621143
66,6,Rural,Regular,23,4.2,Evening,Economy,45,173.1577543
77,39,Urban,Regular,23,4.29,Morning,Economy,167,592.2404996
35,16,Urban,Regular,31,4.75,Afternoon,Premium,113,379.3078104
48,38,Rural,Gold,40,3.7,Evening,Premium,80,360.7111703
61,18,Rural,Gold,84,3.93,Evening,Premium,58,203.4926184
71,21,Suburban,Silver,82,4.88,Afternoon,Premium,126,553.5451308
95,7,Rural,Gold,40,4.68,Evening,Economy,95,283.4664425
76,44,Suburban,Gold,20,3.56,Afternoon,Premium,105,435.1453451
32,13,Suburban,Regular,21,4.64,Afternoon,Economy,156,685.7681265
49,30,Rural,Silver,57,4.83,Evening,Economy,154,630.8608869
38,17,Urban,Silver,92,4.41,Afternoon,Premium,138,546.1568748
92,35,Suburban,Regular,46,4.72,Morning,Economy,45,115.3570025
40,29,Suburban,Silver,26,4.26,Night,Economy,152,404.0498951
55,42,Suburban,Silver,24,4.49,Afternoon,Economy,45,156.0383299
58,34,Rural,Gold,19,4.55,Morning,Premium,131,501.2629551
34,5,Urban,Regular,26,4.85,Evening,Premium,152,562.4369765
70,47,Suburban,Silver,3,3.66,Morning,Premium,53,216.8024751
51,24,Rural,Gold,25,4.68,Afternoon,Premium,16,120.0906902
88,56,Rural,Regular,11,4.36,Afternoon,Economy,60,221.1576533
25,8,Suburban,Silver,83,3.53,Evening,Economy,121,492.7012709
34,19,Rural,Regular,51,4.2,Night,Premium,166,754.23448
40,15,Urban,Regular,90,3.62,Night,Premium,42,211.5277288
26,7,Suburban,Gold,58,4.91,Afternoon,Economy,161,460.7592754
81,42,Suburban,Regular,88,4.14,Afternoon,Economy,47,164.1074735
80,56,Suburban,Gold,63,4.57,Night,Premium,43,213.696213
64,19,Rural,Gold,86,4.68,Night,Premium,171,732.9893961
45,18,Rural,Gold,68,4.07,Morning,Economy,136,350.6012026
84,49,Urban,Regular,32,4.25,Night,Premium,53,192.8798062
34,16,Urban,Silver,47,4.12,Evening,Economy,93,294.1158059
67,32,Suburban,Regular,40,4.47,Afternoon,Premium,13,82.52418775
93,23,Suburban,Silver,34,4.23,Evening,Premium,125,386.1690694
100,51,Urban,Silver,56,3.58,Night,Economy,89,310.9003273
35,22,Suburban,Gold,15,4.23,Morning,Premium,120,373.9628407
36,13,Rural,Silver,31,4.71,Night,Economy,71,221.5511001
28,18,Suburban,Regular,100,3.7,Afternoon,Economy,127,531.112701
21,9,Urban,Gold,10,3.88,Morning,Premium,108,324.9426389
26,15,Urban,Regular,35,5,Morning,Premium,161,493.4068923
97,21,Suburban,Regular,59,3.87,Evening,Premium,174,778.633356
26,15,Urban,Silver,10,3.71,Morning,Premium,171,720.1572086
91,56,Urban,Gold,17,4.66,Night,Economy,10,38.23523524
65,48,Rural,Silver,12,4.37,Afternoon,Premium,140,573.5891065
88,28,Urban,Gold,22,4.99,Night,Premium,154,682.016247
82,13,Suburban,Gold,32,3.58,Night,Economy,148,516.4367273
65,40,Urban,Silver,48,3.59,Evening,Economy,121,492.5196024
41,6,Urban,Silver,56,4.32,Night,Economy,11,49.234784
85,36,Rural,Silver,64,4.32,Evening,Economy,152,506.6928861
35,13,Rural,Silver,80,3.8,Afternoon,Economy,93,304.3133395
83,29,Urban,Silver,78,4.42,Afternoon,Premium,23,111.1793412
91,31,Urban,Regular,12,4.39,Night,Economy,39,163.2145833
44,28,Rural,Regular,31,4.92,Night,Premium,132,402.8569895
96,12,Suburban,Gold,15,4.97,Night,Economy,90,289.2351909
77,46,Suburban,Regular,97,4.2,Afternoon,Premium,25,150.5392948
91,80,Rural,Gold,74,4.74,Night,Economy,46,194.9355593
93,42,Rural,Silver,75,4.66,Morning,Economy,160,674.6485036
41,9,Rural,Silver,73,3.51,Morning,Economy,150,551.557234
61,44,Suburban,Regular,69,4.54,Afternoon,Economy,52,132.2147646
83,10,Urban,Gold,28,3.91,Afternoon,Economy,23,70.11182411
59,22,Rural,Regular,79,4.38,Morning,Premium,93,346.2847096
42,31,Suburban,Gold,62,4.95,Night,Premium,13,102.0447303
81,16,Suburban,Regular,73,4.89,Night,Economy,125,494.1401793
72,19,Rural,Gold,89,4.74,Morning,Premium,45,183.6583147
43,9,Rural,Silver,2,4.12,Morning,Economy,126,436.5576476
74,33,Urban,Silver,82,4.13,Afternoon,Economy,10,31.36208132
68,45,Rural,Silver,65,4.19,Evening,Economy,112,323.4791093
36,13,Urban,Silver,84,4.88,Evening,Premium,140,505.3840569
51,5,Urban,Gold,0,4.59,Afternoon,Premium,92,320.8576216
63,23,Urban,Silver,48,4.09,Evening,Economy,49,214.5660524
96,29,Urban,Regular,84,3.65,Night,Economy,176,758.5015334
94,59,Suburban,Regular,84,4.38,Morning,Premium,175,665.7295341
74,32,Suburban,Regular,2,4.7,Evening,Premium,38,171.0663629
91,13,Rural,Silver,32,3.6,Morning,Premium,160,647.3526381
69,12,Suburban,Regular,42,4.34,Afternoon,Premium,158,608.12824
51,20,Rural,Silver,57,3.68,Night,Economy,67,246.9229249
45,17,Rural,Gold,10,4.93,Night,Premium,148,430.0665305
92,34,Suburban,Regular,98,3.99,Night,Economy,140,396.6387527
69,36,Suburban,Gold,55,4.74,Morning,Economy,109,436.0114486
56,14,Suburban,Silver,30,3.67,Night,Economy,48,202.9454569
43,26,Rural,Regular,59,4.91,Afternoon,Economy,175,731.7816872
86,48,Urban,Silver,37,4.15,Night,Economy,84,216.0505481
61,34,Urban,Gold,82,3.99,Night,Premium,10,83.8683562
50,36,Suburban,Gold,18,4.61,Night,Economy,145,572.2420493
73,34,Urban,Regular,95,4.31,Morning,Premium,21,118.8070474
76,7,Urban,Gold,76,4.35,Morning,Economy,72,245.8935712
87,41,Urban,Regular,87,4.36,Night,Economy,87,387.1117403
53,33,Rural,Regular,40,3.8,Morning,Premium,139,507.9505747
71,8,Suburban,Silver,57,3.68,Night,Economy,75,249.3029746
32,5,Rural,Gold,80,3.55,Night,Economy,14,45.91711193
91,30,Suburban,Gold,34,3.69,Afternoon,Economy,96,424.6120578
47,37,Suburban,Gold,64,3.75,Morning,Economy,31,85.9735753
23,13,Rural,Silver,42,4.55,Night,Economy,87,328.9669926
57,20,Rural,Regular,92,3.74,Morning,Economy,53,172.6294341
48,17,Suburban,Silver,2,4.09,Evening,Economy,85,261.9435329
22,5,Urban,Gold,39,4.92,Evening,Economy,56,199.0416803
60,19,Urban,Silver,37,4.22,Evening,Economy,68,232.2834549
94,42,Rural,Regular,0,4.23,Morning,Premium,36,185.3118381
43,6,Suburban,Silver,34,4.4,Morning,Premium,24,153.7614397
97,18,Suburban,Regular,53,4.25,Night,Premium,26,126.4771353
47,17,Rural,Silver,7,4.8,Morning,Economy,173,609.5038276
39,28,Urban,Silver,72,3.76,Afternoon,Premium,87,287.1624376
50,39,Suburban,Regular,94,3.81,Evening,Premium,139,406.3248065
35,17,Urban,Regular,78,4.4,Evening,Premium,61,249.0371127
28,8,Suburban,Regular,69,3.86,Evening,Premium,175,620.9016916
51,32,Rural,Regular,98,4.44,Morning,Premium,51,267.0607017
54,12,Suburban,Silver,84,4.98,Evening,Premium,172,715.7547931
65,10,Urban,Regular,77,4.36,Afternoon,Economy,170,430.3854879
61,26,Rural,Gold,21,3.85,Morning,Premium,126,604.273047
46,9,Suburban,Silver,67,4.22,Evening,Premium,47,243.5250632
73,50,Urban,Regular,7,4.22,Night,Economy,45,176.2144067
86,49,Urban,Regular,99,3.51,Night,Economy,130,471.4796321
75,7,Suburban,Gold,100,4.13,Morning,Economy,134,453.3769494
39,29,Suburban,Silver,12,4.24,Evening,Economy,97,251.1073065
33,6,Rural,Gold,90,4.81,Night,Premium,139,521.8019208
40,29,Suburban,Silver,6,4.94,Night,Premium,71,346.4926515
54,35,Suburban,Silver,66,4.4,Night,Economy,77,234.0714535
53,26,Urban,Gold,54,4.6,Night,Premium,52,184.0244513
81,34,Urban,Silver,98,3.55,Afternoon,Premium,164,554.8869659
45,20,Urban,Regular,80,4.73,Morning,Economy,63,192.6197724
20,9,Urban,Silver,77,3.91,Evening,Economy,89,227.7965248
47,22,Rural,Silver,11,4.8,Afternoon,Premium,119,416.601649
33,18,Urban,Gold,90,3.61,Evening,Premium,146,671.7128294
78,57,Rural,Silver,5,4.82,Morning,Premium,127,552.6397714
26,12,Rural,Silver,9,3.75,Afternoon,Economy,115,321.3724051
62,21,Rural,Regular,61,4.57,Night,Economy,56,215.4338699
84,59,Suburban,Silver,67,4.27,Morning,Premium,164,758.9961232
49,8,Urban,Regular,1,4.06,Afternoon,Premium,157,694.4247149
34,22,Suburban,Gold,34,3.64,Morning,Economy,176,617.3632185
49,30,Rural,Silver,86,3.62,Afternoon,Premium,69,328.635369
83,50,Rural,Regular,7,3.66,Evening,Premium,100,376.3000601
88,5,Urban,Silver,89,3.59,Night,Economy,27,70.20380337
90,71,Suburban,Gold,88,3.84,Morning,Economy,167,451.684865
65,5,Rural,Silver,24,3.54,Night,Economy,119,301.4039268
73,28,Urban,Silver,22,4.57,Afternoon,Economy,53,153.3960711
85,62,Suburban,Silver,54,3.78,Morning,Economy,114,339.6623042
65,27,Rural,Gold,62,3.54,Night,Premium,162,733.4425367
74,42,Urban,Gold,88,3.5,Evening,Economy,77,203.836381
41,7,Rural,Gold,68,4.3,Evening,Premium,66,284.5088586
79,23,Urban,Gold,88,3.88,Night,Economy,164,492.1134584
53,7,Urban,Silver,64,4.55,Night,Premium,10,86.19117981
35,14,Urban,Silver,74,5,Night,Premium,175,727.8809448
53,40,Rural,Gold,79,3.66,Evening,Premium,30,158.6526416
36,23,Urban,Silver,42,4.66,Morning,Economy,14,44.52503661
38,25,Urban,Regular,2,4.24,Morning,Premium,128,452.4258269
52,36,Rural,Silver,1,4.52,Morning,Premium,36,152.6404792
91,64,Suburban,Regular,26,4.56,Morning,Premium,96,420.2245689
87,5,Urban,Silver,59,4.32,Night,Economy,42,151.3593007
96,20,Suburban,Gold,88,3.6,Evening,Premium,71,242.2719657
83,59,Urban,Gold,8,4.85,Morning,Economy,31,119.0485544
48,23,Rural,Gold,0,4.46,Afternoon,Economy,174,472.5695408
65,19,Suburban,Silver,24,4.59,Evening,Economy,96,334.6493506
79,29,Suburban,Silver,0,4.86,Morning,Economy,127,406.0855257
100,22,Suburban,Silver,45,4.23,Night,Premium,141,551.3651376
73,63,Suburban,Silver,25,4.19,Afternoon,Economy,129,534.0181946
79,67,Rural,Gold,56,4.01,Evening,Premium,151,501.2363001
88,55,Rural,Regular,56,4,Night,Premium,26,159.6069186
76,34,Suburban,Silver,10,4.92,Morning,Economy,103,359.801051
49,30,Suburban,Silver,80,3.74,Night,Economy,85,348.6695625
100,64,Rural,Regular,7,4.89,Night,Premium,115,490.504076
87,26,Rural,Gold,63,4.2,Morning,Premium,118,485.6832395
22,5,Rural,Silver,93,4.85,Evening,Economy,99,424.9275102
21,11,Rural,Silver,23,3.76,Afternoon,Economy,12,40.44289065
93,57,Suburban,Regular,34,4.89,Morning,Premium,80,258.4249153
28,15,Rural,Gold,90,4.25,Night,Premium,177,511.929391
97,7,Urban,Silver,22,3.74,Afternoon,Premium,147,441.746701
48,12,Urban,Silver,51,4.63,Night,Premium,32,175.5180543
70,37,Urban,Silver,10,3.65,Night,Premium,168,658.5834277
78,12,Rural,Silver,99,4.3,Afternoon,Economy,95,299.2909931
25,7,Rural,Regular,24,3.85,Evening,Premium,144,494.8027992
24,9,Urban,Gold,6,4.05,Afternoon,Premium,69,223.519012
92,37,Rural,Silver,7,4.92,Morning,Premium,103,434.5710508
43,33,Rural,Gold,16,4.01,Morning,Premium,159,630.4284013
96,23,Urban,Gold,8,4.23,Morning,Premium,90,445.1254111
88,46,Rural,Gold,35,4.89,Afternoon,Premium,72,361.985521
83,43,Suburban,Regular,20,3.59,Morning,Economy,63,267.2821971
50,29,Urban,Regular,2,4.81,Morning,Economy,143,518.954763
97,75,Urban,Regular,15,4.94,Afternoon,Economy,163,575.4934492
84,24,Suburban,Regular,39,4.08,Afternoon,Economy,86,349.4432162
68,40,Suburban,Silver,58,4.64,Morning,Premium,68,279.2349662
77,30,Urban,Regular,99,4.7,Evening,Premium,179,689.7483155
82,67,Urban,Regular,13,4.43,Afternoon,Economy,33,88.76294359
21,8,Suburban,Gold,37,3.71,Evening,Premium,171,621.7963495
75,24,Rural,Regular,44,3.79,Night,Premium,72,307.6219494
61,9,Urban,Gold,74,3.98,Evening,Premium,32,172.4105313
90,13,Suburban,Regular,24,3.73,Afternoon,Economy,126,444.2453021
100,21,Suburban,Regular,20,3.52,Night,Premium,163,556.8967118
93,31,Suburban,Gold,13,3.58,Afternoon,Premium,101,355.3245755
92,14,Urban,Silver,57,3.73,Morning,Premium,133,474.9977391
61,12,Rural,Gold,59,4.72,Afternoon,Premium,178,581.9712306
53,12,Suburban,Gold,79,3.6,Night,Premium,154,663.4393972
55,21,Urban,Regular,20,3.56,Night,Premium,134,519.4694924
57,45,Rural,Gold,78,4.43,Afternoon,Premium,112,397.6919501
34,8,Suburban,Silver,51,4.09,Afternoon,Premium,130,388.1122299
50,11,Suburban,Silver,19,4.87,Morning,Economy,144,591.100076
35,22,Rural,Silver,82,3.79,Afternoon,Economy,174,586.7988633
43,14,Suburban,Regular,1,3.53,Night,Premium,134,648.9097429
50,25,Suburban,Silver,19,4.32,Night,Economy,176,746.3391325
55,19,Urban,Regular,64,4.34,Morning,Premium,129,555.0976878
93,67,Urban,Silver,21,4.88,Night,Premium,87,417.9131413
94,69,Urban,Silver,86,4.12,Morning,Premium,18,97.80093622
70,60,Urban,Regular,57,4.05,Afternoon,Premium,43,193.089112
36,25,Suburban,Regular,61,3.64,Night,Economy,132,492.4640116
37,9,Suburban,Silver,73,4.8,Morning,Economy,124,408.8156288
68,46,Urban,Gold,8,4.21,Afternoon,Economy,116,364.1617948
77,15,Suburban,Regular,47,4.47,Morning,Economy,66,228.6434979
27,12,Suburban,Silver,64,4.7,Evening,Economy,149,667.946428
90,56,Suburban,Silver,61,4.38,Night,Premium,91,410.342709
46,23,Suburban,Regular,19,4.92,Afternoon,Economy,169,710.4192642
96,80,Urban,Regular,47,3.77,Morning,Economy,70,177.2030658
80,6,Rural,Silver,43,4.81,Night,Economy,24,74.32837978
80,31,Suburban,Silver,91,4.61,Evening,Premium,127,392.3027601
64,25,Suburban,Silver,85,4.46,Afternoon,Premium,37,168.6101943
57,42,Rural,Silver,36,3.59,Afternoon,Premium,167,587.2581373
52,7,Rural,Silver,57,4.82,Night,Economy,180,563.9803273
69,56,Urban,Regular,73,4.02,Night,Premium,116,352.3474983
67,54,Suburban,Regular,53,3.67,Morning,Economy,110,415.3075369
25,7,Rural,Silver,13,4.07,Afternoon,Premium,60,204.2158433
80,35,Rural,Regular,29,4.49,Night,Economy,79,319.6520701
73,6,Suburban,Silver,5,4.03,Night,Premium,71,362.0533307
24,6,Urban,Regular,65,4.29,Afternoon,Premium,106,387.4755378
37,14,Rural,Gold,18,4.36,Evening,Economy,85,348.8532987
27,6,Rural,Regular,74,4.75,Afternoon,Premium,157,732.2985127
23,11,Urban,Regular,11,4.86,Afternoon,Economy,133,343.6721334
42,8,Rural,Gold,12,4.79,Morning,Premium,166,599.7162532
74,39,Urban,Silver,11,3.65,Morning,Economy,173,484.7545389
68,30,Urban,Regular,28,4.69,Night,Premium,134,581.1514566
59,9,Suburban,Silver,30,4.83,Afternoon,Economy,140,603.3651643
89,75,Rural,Silver,76,4.39,Evening,Economy,110,369.8546415
81,35,Suburban,Regular,45,4.11,Night,Economy,174,708.8801421
33,8,Suburban,Regular,74,4.52,Morning,Premium,56,205.8375505
75,28,Urban,Gold,49,4.46,Night,Economy,163,684.5607033
87,48,Suburban,Silver,95,4.73,Morning,Economy,162,453.2541299
56,37,Suburban,Silver,96,3.83,Afternoon,Premium,130,412.584838
75,32,Urban,Silver,20,3.69,Evening,Premium,96,440.4442377
99,54,Rural,Silver,96,3.77,Afternoon,Premium,61,241.6407114
33,16,Rural,Regular,81,4.08,Afternoon,Premium,50,201.2925319
41,28,Rural,Gold,89,4.47,Evening,Premium,45,220.0511403
55,19,Suburban,Silver,74,3.51,Morning,Economy,173,702.913416
93,51,Rural,Silver,12,4.98,Morning,Premium,90,431.4216603
54,35,Urban,Silver,11,4.49,Afternoon,Premium,96,466.8626811
34,20,Urban,Gold,21,4.15,Morning,Premium,158,445.1263612
86,18,Suburban,Silver,61,4.3,Afternoon,Premium,126,441.6378571
85,27,Suburban,Gold,8,4.11,Night,Premium,157,669.5210117
74,5,Suburban,Regular,80,3.63,Night,Economy,134,354.3852115
63,53,Rural,Gold,33,4.33,Afternoon,Economy,175,489.7125243
55,13,Suburban,Silver,45,3.71,Morning,Premium,40,222.568582
100,66,Suburban,Gold,27,3.53,Evening,Premium,106,412.2556068
51,27,Urban,Gold,86,3.82,Evening,Premium,152,472.2157353
37,10,Urban,Silver,33,4.86,Afternoon,Economy,44,179.9398803
99,71,Suburban,Gold,3,4.63,Morning,Premium,100,308.9111533
54,24,Rural,Silver,85,3.79,Evening,Economy,102,306.3142432
30,7,Rural,Gold,57,4.27,Morning,Premium,69,224.4648783
84,56,Urban,Silver,71,4.56,Evening,Premium,15,101.0737865
49,14,Suburban,Silver,55,4.43,Morning,Premium,131,633.4966221
86,10,Urban,Silver,98,4.8,Morning,Economy,18,62.87509274
48,24,Rural,Gold,17,3.98,Afternoon,Economy,29,92.03104706
67,18,Urban,Silver,78,3.81,Morning,Premium,22,106.7358926
100,16,Rural,Gold,96,3.65,Night,Premium,163,560.6703257
79,7,Rural,Silver,31,4.82,Night,Economy,100,322.9000695
99,9,Rural,Silver,33,4.98,Afternoon,Economy,110,292.3393609
34,24,Urban,Silver,3,4.41,Morning,Economy,97,242.751717
54,21,Urban,Silver,23,4.44,Evening,Premium,136,442.7796306
77,43,Suburban,Regular,73,4.07,Afternoon,Premium,131,505.5467165
80,21,Urban,Regular,85,4.21,Morning,Premium,146,474.9171618
74,54,Urban,Regular,16,4.35,Afternoon,Premium,147,617.4346784
57,38,Urban,Regular,31,3.97,Morning,Premium,64,294.8553699
97,66,Urban,Silver,90,3.6,Evening,Premium,150,717.467322
52,14,Suburban,Gold,97,4.83,Evening,Premium,66,266.977217
51,37,Rural,Regular,34,4.64,Afternoon,Economy,100,383.3711771
87,52,Urban,Gold,15,3.57,Night,Economy,66,266.4336179
91,42,Suburban,Silver,76,4.96,Morning,Economy,86,336.3943924
85,34,Rural,Regular,66,4.59,Morning,Premium,163,764.8593556
57,21,Rural,Silver,28,4.93,Night,Economy,141,588.6941798
28,8,Urban,Regular,67,3.78,Afternoon,Premium,58,305.2426677
58,30,Urban,Regular,32,4.14,Night,Economy,75,256.3738037
31,9,Rural,Gold,18,4.42,Morning,Premium,114,461.0193486
27,11,Suburban,Gold,88,4.5,Evening,Premium,144,581.7472844
90,75,Urban,Gold,88,4.1,Afternoon,Economy,106,472.5465909
54,8,Suburban,Regular,41,3.89,Morning,Economy,168,573.4835718
23,9,Suburban,Silver,50,3.84,Evening,Premium,34,192.3850222
94,64,Urban,Regular,62,4.87,Night,Economy,166,744.0359811
86,20,Suburban,Silver,51,3.75,Morning,Premium,110,412.2574631
79,55,Suburban,Regular,91,4.39,Morning,Economy,48,189.560565
73,13,Urban,Regular,93,3.95,Night,Economy,90,357.0434722
74,23,Urban,Regular,45,4.07,Morning,Premium,99,417.1740954
26,11,Urban,Gold,10,4.22,Morning,Premium,69,314.8447103
99,30,Urban,Regular,74,4.21,Morning,Premium,160,629.9546011
80,42,Urban,Gold,85,4.22,Night,Economy,131,473.561754
78,35,Rural,Regular,5,4.35,Evening,Premium,100,317.8809578
63,6,Urban,Gold,29,4.79,Evening,Premium,24,132.4992195
25,8,Rural,Regular,30,4.44,Night,Economy,115,430.785851
100,50,Urban,Regular,20,4.14,Evening,Economy,127,350.2265836
46,8,Urban,Silver,32,4.81,Afternoon,Economy,112,466.4274793
59,29,Urban,Regular,90,4.3,Night,Economy,145,651.730389
21,11,Rural,Gold,18,4.2,Morning,Premium,49,266.3480732
64,7,Rural,Silver,48,4.67,Evening,Economy,64,266.3853768
52,22,Suburban,Gold,72,3.6,Morning,Premium,101,303.8032264
100,56,Suburban,Silver,67,4.2,Evening,Economy,169,461.9661914
83,72,Rural,Regular,25,4.62,Night,Premium,45,201.0575406
89,10,Rural,Silver,36,4.12,Afternoon,Premium,13,94.21444739
100,37,Rural,Silver,47,4.7,Afternoon,Economy,142,546.8574477
71,7,Urban,Gold,31,4.83,Morning,Premium,60,292.7468301
94,26,Suburban,Regular,0,3.94,Afternoon,Premium,40,150.9060377
52,23,Urban,Regular,41,4.23,Evening,Economy,134,534.9066334
27,15,Urban,Silver,31,4.95,Afternoon,Economy,103,315.265403
88,62,Urban,Regular,62,4.82,Afternoon,Economy,162,601.2360266
48,38,Suburban,Silver,64,4.97,Night,Premium,152,701.469573
53,35,Suburban,Regular,1,3.67,Morning,Premium,88,392.0078846
31,12,Suburban,Gold,34,4.7,Night,Economy,105,331.8375249
56,34,Suburban,Silver,1,4.56,Afternoon,Economy,121,307.5259291
48,35,Rural,Gold,47,4.26,Morning,Economy,26,68.271745
93,66,Suburban,Silver,22,3.91,Night,Economy,180,765.4397486
49,18,Rural,Silver,62,4.92,Afternoon,Economy,62,168.3662892
72,33,Rural,Gold,63,4.25,Evening,Economy,132,351.773619
62,11,Suburban,Gold,37,4.23,Morning,Premium,71,363.345753
39,15,Suburban,Regular,53,4.6,Evening,Premium,38,201.7146763
67,56,Urban,Gold,49,4.22,Afternoon,Premium,23,121.439999
88,15,Urban,Regular,39,4.51,Afternoon,Economy,137,598.7750233
29,16,Urban,Silver,75,4.11,Morning,Premium,80,371.1242881
100,24,Urban,Silver,88,4.49,Night,Economy,56,173.6669675
98,43,Suburban,Gold,62,4.98,Morning,Economy,130,538.518528
35,10,Rural,Gold,40,3.54,Night,Economy,75,281.962567
58,14,Rural,Gold,10,3.77,Morning,Economy,95,258.0144597
22,7,Urban,Gold,53,4.43,Morning,Premium,98,476.2019962
84,37,Suburban,Regular,94,3.83,Night,Economy,28,124.6455032
91,14,Suburban,Silver,19,4.78,Night,Premium,19,111.1127149
56,29,Urban,Gold,67,4.49,Afternoon,Economy,125,421.8171879
97,21,Rural,Regular,36,3.72,Evening,Premium,23,134.0510145
57,47,Urban,Gold,26,3.8,Morning,Economy,30,132.4032477
94,27,Suburban,Silver,100,3.6,Night,Premium,172,547.9814624
84,6,Suburban,Gold,24,3.74,Morning,Economy,68,281.9682458
40,11,Rural,Silver,1,4.24,Night,Premium,35,182.4663214
65,36,Suburban,Silver,20,4.39,Night,Premium,87,313.7742266
35,22,Urban,Silver,28,4.88,Afternoon,Premium,116,422.886661
40,30,Urban,Regular,67,4.03,Evening,Premium,143,529.6967147
61,45,Urban,Silver,6,4.99,Evening,Economy,10,25.99344945
50,14,Urban,Gold,98,3.52,Night,Premium,109,351.5699575
98,25,Suburban,Silver,30,4.76,Afternoon,Economy,60,154.6871597
54,37,Suburban,Regular,41,4.69,Afternoon,Premium,16,106.5920823
37,13,Rural,Regular,31,4.66,Afternoon,Economy,35,132.1665679
78,41,Urban,Silver,12,4.99,Afternoon,Economy,22,76.22496122
84,21,Rural,Gold,88,3.5,Afternoon,Economy,146,598.94004
44,32,Suburban,Silver,51,4.2,Afternoon,Premium,168,563.1508996
25,11,Urban,Silver,92,3.91,Night,Economy,115,310.1546163
38,13,Urban,Gold,38,4.46,Evening,Premium,28,145.1375686
85,25,Urban,Silver,21,4.03,Morning,Economy,73,323.5576858
31,13,Suburban,Gold,87,4.04,Evening,Economy,11,31.56567616
67,6,Rural,Regular,25,4.45,Evening,Premium,31,144.4626376
77,11,Rural,Silver,70,3.82,Night,Premium,63,252.4930471
32,11,Suburban,Silver,30,3.53,Afternoon,Premium,32,146.5127744
71,30,Rural,Regular,60,4.83,Evening,Premium,156,501.80135
65,38,Urban,Regular,13,4.77,Morning,Premium,132,610.7325515
64,29,Urban,Silver,66,3.79,Night,Premium,37,194.2623994
48,38,Urban,Silver,45,4.17,Afternoon,Economy,87,318.210126
76,42,Rural,Gold,95,3.93,Morning,Economy,180,512.6251102
76,53,Urban,Regular,77,3.67,Afternoon,Premium,179,555.8919188
71,14,Suburban,Silver,8,4.44,Night,Economy,76,242.1588608
76,9,Urban,Silver,64,4.16,Evening,Economy,10,41.40499128
51,14,Rural,Gold,16,3.51,Night,Premium,30,180.8865537
88,38,Rural,Gold,29,3.73,Evening,Premium,167,537.8971059
60,24,Rural,Gold,5,3.79,Afternoon,Premium,154,556.6629286
73,55,Rural,Regular,55,4.2,Afternoon,Economy,52,158.5563431
23,10,Urban,Silver,80,3.88,Afternoon,Economy,22,59.4454065
74,27,Suburban,Silver,51,3.75,Morning,Premium,111,334.1449975
49,6,Suburban,Gold,18,4.41,Night,Premium,148,443.7750198
31,8,Rural,Gold,7,3.57,Night,Economy,35,145.2420374
57,46,Rural,Regular,42,4.39,Morning,Economy,56,210.6317666
64,19,Suburban,Regular,35,4.02,Afternoon,Economy,39,152.2291926
86,76,Suburban,Regular,84,4.99,Night,Economy,149,612.4467268
54,28,Suburban,Regular,73,3.56,Morning,Premium,51,250.2858824
85,37,Rural,Gold,10,3.76,Night,Premium,61,309.0825447
58,15,Rural,Regular,14,4.76,Night,Premium,12,94.1609177
96,27,Rural,Gold,21,4.37,Night,Premium,57,243.9373065
58,31,Suburban,Silver,32,4.87,Evening,Premium,85,331.1930539
77,45,Suburban,Silver,88,4.16,Morning,Economy,151,595.2312212
93,73,Rural,Regular,78,3.81,Night,Premium,106,465.9626816
44,11,Rural,Regular,56,3.83,Afternoon,Premium,18,104.7520101
20,10,Rural,Regular,54,4.12,Morning,Premium,168,784.055126
70,40,Suburban,Regular,9,3.77,Evening,Economy,130,382.9299379
42,12,Rural,Gold,92,4.5,Afternoon,Economy,123,319.2967131
87,33,Rural,Regular,53,4.15,Evening,Economy,143,640.1373391
70,43,Suburban,Gold,47,4.31,Morning,Economy,57,243.4933854
61,15,Urban,Gold,29,4.49,Afternoon,Economy,32,135.0058741
71,36,Suburban,Silver,69,4.37,Morning,Economy,110,392.9639433
81,33,Suburban,Regular,41,4.93,Afternoon,Premium,162,617.2885001
87,64,Rural,Silver,69,4.55,Evening,Premium,65,310.7883995
85,65,Suburban,Regular,73,4.65,Afternoon,Premium,165,770.0708908
91,65,Urban,Regular,40,3.58,Evening,Economy,141,373.5047076
83,57,Rural,Silver,80,4.6,Night,Premium,172,814.4195559
64,10,Suburban,Gold,75,3.61,Morning,Premium,155,473.3466933
69,22,Rural,Silver,25,4.41,Night,Premium,74,266.7677789
37,12,Rural,Silver,15,3.73,Evening,Economy,142,369.3616589
93,28,Urban,Silver,63,3.9,Evening,Economy,38,111.7239412
66,49,Rural,Gold,42,4.56,Afternoon,Economy,124,429.9483561
47,36,Rural,Silver,100,4.2,Morning,Economy,103,414.7783003
71,30,Rural,Regular,45,4.16,Evening,Premium,53,227.18257
58,19,Urban,Silver,47,3.97,Evening,Economy,77,247.4420018
100,18,Suburban,Silver,50,4.89,Morning,Premium,51,213.8232969
94,28,Urban,Regular,59,4.45,Night,Economy,173,652.587891
49,6,Rural,Silver,23,4.65,Night,Premium,69,289.6463054
42,7,Rural,Gold,90,3.67,Evening,Economy,32,123.7624693
79,63,Urban,Gold,56,4.66,Evening,Premium,70,292.5906289
59,5,Rural,Gold,17,4.97,Evening,Premium,143,440.9395108
54,7,Urban,Regular,91,3.75,Night,Economy,97,298.3226184
60,6,Rural,Silver,65,4.76,Morning,Economy,168,629.2044296
26,13,Suburban,Silver,4,3.63,Night,Premium,123,441.9961924
90,10,Rural,Silver,59,4.44,Morning,Premium,147,691.5012906
34,12,Suburban,Silver,38,4.18,Afternoon,Economy,24,106.9485906
80,34,Suburban,Silver,84,3.8,Night,Economy,174,561.438522
21,7,Rural,Regular,58,4.31,Morning,Premium,75,328.4583569
97,71,Suburban,Silver,52,4.32,Evening,Economy,36,133.3873831
64,7,Suburban,Regular,92,4.58,Evening,Premium,16,114.6992021
47,34,Rural,Gold,16,4.38,Evening,Premium,46,237.143389
44,28,Rural,Gold,30,3.93,Evening,Premium,42,157.1065717
21,9,Suburban,Gold,13,4.01,Evening,Economy,127,431.2515977
57,37,Urban,Gold,59,3.92,Evening,Economy,159,585.8075882
62,5,Rural,Silver,51,4.4,Afternoon,Economy,160,647.2043749
25,6,Urban,Gold,60,3.91,Evening,Premium,145,559.5788398
92,33,Suburban,Silver,70,3.69,Evening,Premium,46,173.1505323
38,7,Rural,Gold,46,3.79,Night,Economy,78,198.1704675
99,31,Urban,Silver,0,3.54,Morning,Economy,50,192.7088692
35,7,Rural,Regular,65,4.19,Night,Economy,65,165.0758242
30,13,Urban,Gold,53,3.68,Night,Premium,124,379.4680329
28,6,Urban,Gold,53,4.48,Night,Premium,148,461.1095538
59,47,Rural,Silver,73,3.54,Night,Economy,75,234.5672446
24,13,Urban,Silver,50,4.26,Night,Premium,141,540.0620307
21,6,Suburban,Regular,15,3.81,Evening,Premium,80,318.8415033
84,54,Suburban,Silver,59,4.98,Afternoon,Premium,43,196.3151415
100,50,Urban,Silver,83,4.91,Morning,Premium,173,622.4914304
30,11,Urban,Silver,99,4.96,Evening,Economy,83,349.6745279
45,35,Rural,Regular,0,4.58,Afternoon,Premium,41,206.1473319
53,35,Urban,Gold,35,3.92,Afternoon,Premium,166,635.9330545
65,41,Rural,Gold,51,3.57,Night,Premium,48,251.1121418
93,6,Rural,Silver,85,4.47,Night,Economy,107,324.0987674
28,5,Rural,Regular,69,4.49,Morning,Premium,132,425.4887348
38,8,Urban,Silver,78,3.57,Night,Economy,114,470.2690237
25,6,Urban,Regular,69,4.45,Evening,Premium,94,398.051726
76,23,Rural,Regular,64,3.57,Night,Premium,115,564.931725
22,7,Suburban,Gold,73,4.91,Morning,Premium,73,238.3189915
40,5,Rural,Silver,17,4.55,Afternoon,Economy,72,184.9552256
89,16,Suburban,Regular,27,4.86,Afternoon,Economy,161,624.305616
31,21,Suburban,Silver,77,4.83,Afternoon,Economy,107,389.3845083
92,45,Rural,Silver,59,4.23,Morning,Premium,121,574.8939389
58,32,Urban,Gold,92,4.59,Afternoon,Premium,111,517.944462
58,20,Rural,Silver,42,3.51,Evening,Economy,125,527.1792012
36,7,Suburban,Regular,26,4.35,Morning,Economy,59,201.4968308
66,40,Rural,Regular,93,4.86,Evening,Economy,153,627.016751
76,54,Urban,Regular,58,4.05,Evening,Economy,74,218.6251779
55,23,Urban,Gold,46,4.58,Afternoon,Premium,150,654.6765363
21,8,Urban,Regular,57,4.78,Night,Premium,84,293.5602166
61,45,Rural,Gold,42,4.25,Afternoon,Economy,102,421.985262
72,62,Suburban,Regular,48,3.82,Evening,Economy,126,553.7408049
65,18,Rural,Gold,65,4.01,Morning,Economy,111,330.62431
20,8,Rural,Silver,27,4.99,Morning,Economy,83,261.4451503
22,7,Suburban,Silver,16,4.1,Night,Economy,147,520.0637873
72,49,Suburban,Gold,15,4.34,Night,Premium,19,117.6332781
42,30,Urban,Regular,26,4.79,Afternoon,Economy,138,493.0149509
100,54,Suburban,Regular,91,4.59,Night,Premium,61,203.1132957
87,32,Suburban,Silver,38,4.76,Afternoon,Economy,114,421.7762985
36,8,Urban,Gold,47,4.07,Afternoon,Economy,77,305.0088859
70,38,Urban,Silver,99,4.19,Morning,Economy,76,317.7718882
41,7,Urban,Gold,4,4.15,Night,Economy,83,364.9140561
59,40,Rural,Gold,64,4.72,Night,Economy,157,398.3194964
33,14,Urban,Regular,38,4.89,Morning,Economy,127,461.3060121
70,26,Urban,Silver,15,3.67,Night,Premium,70,358.2348071
45,7,Rural,Regular,87,4.35,Evening,Economy,74,224.3071068
98,71,Suburban,Regular,83,4.55,Morning,Economy,139,558.3815496
75,63,Urban,Gold,42,4.55,Evening,Premium,138,660.4425623
100,34,Rural,Gold,33,4.75,Night,Economy,156,537.4486717
76,23,Urban,Silver,53,3.94,Evening,Economy,117,480.1043704
32,12,Urban,Silver,69,3.68,Morning,Economy,55,162.2831045
35,23,Suburban,Gold,58,3.78,Afternoon,Economy,164,638.0445145
30,16,Suburban,Gold,89,3.63,Afternoon,Economy,142,420.111098
75,56,Urban,Regular,66,3.69,Evening,Premium,22,124.4906005
25,6,Rural,Regular,23,3.95,Morning,Premium,55,235.2781176
88,16,Suburban,Gold,26,4.18,Morning,Economy,32,127.3314901
43,26,Rural,Silver,69,4.9,Evening,Economy,107,391.0269904
39,20,Rural,Silver,97,4.25,Morning,Economy,121,319.5430197
77,63,Suburban,Gold,72,4.56,Morning,Economy,113,380.2853708
41,14,Suburban,Silver,59,4.72,Morning,Premium,49,179.6234225
51,20,Rural,Silver,97,4.8,Morning,Economy,130,452.1126401
30,10,Suburban,Gold,86,4.95,Evening,Economy,149,565.6691466
29,8,Urban,Gold,52,4.68,Afternoon,Premium,121,402.1558776
21,5,Rural,Gold,8,4.44,Afternoon,Premium,159,689.84216
50,15,Suburban,Regular,62,4.51,Night,Economy,83,307.6469281
61,42,Rural,Gold,11,3.72,Night,Economy,52,186.5262771
67,5,Suburban,Silver,81,4.53,Morning,Premium,14,91.06777716
73,22,Suburban,Regular,26,4.99,Night,Economy,33,143.8549861
35,18,Urban,Gold,27,3.82,Morning,Economy,158,553.8373591
96,58,Urban,Silver,25,3.61,Morning,Economy,85,336.5684837
38,28,Urban,Gold,8,4.83,Morning,Economy,29,95.02020686
75,28,Urban,Gold,6,4.02,Evening,Premium,171,575.0117219
57,26,Suburban,Silver,92,4.11,Afternoon,Premium,58,264.6757476
36,10,Rural,Gold,65,3.54,Night,Economy,53,185.6179239
73,27,Rural,Gold,98,3.97,Evening,Economy,57,251.1556503
68,29,Rural,Gold,51,3.99,Evening,Economy,110,299.6890563
25,9,Rural,Gold,11,3.58,Night,Economy,31,92.65681121
97,25,Urban,Regular,95,4.91,Night,Premium,101,332.2293764
30,7,Rural,Regular,85,3.74,Evening,Economy,44,184.1120897
83,7,Suburban,Gold,24,4.9,Morning,Premium,24,124.5817745
27,5,Rural,Gold,2,4.3,Evening,Economy,22,60.98181722
58,21,Suburban,Gold,72,4.14,Afternoon,Economy,10,35.88598786
32,15,Urban,Gold,67,3.76,Evening,Premium,23,132.1230188
76,8,Urban,Gold,40,4.68,Afternoon,Economy,157,561.5796822
21,9,Suburban,Regular,38,4.54,Morning,Economy,179,546.3787899
47,37,Urban,Gold,53,4.69,Night,Economy,41,147.4597413
33,20,Suburban,Regular,97,4.13,Morning,Premium,169,668.892214
92,66,Rural,Silver,26,3.56,Evening,Economy,19,62.06928479
24,7,Rural,Silver,34,3.51,Afternoon,Premium,111,477.7411362
75,9,Rural,Gold,71,4.06,Night,Economy,150,411.0057654
89,76,Urban,Gold,35,4.8,Night,Premium,177,650.2985712
67,20,Urban,Regular,42,4.13,Evening,Economy,68,243.2286176
61,23,Suburban,Silver,51,4.73,Evening,Premium,150,680.9330686
80,67,Rural,Regular,80,4.74,Night,Economy,147,432.3072577
66,15,Suburban,Gold,62,4.59,Night,Economy,161,720.7299449
39,12,Suburban,Regular,54,3.77,Morning,Premium,176,510.454375
46,22,Urban,Regular,9,4.33,Morning,Economy,128,522.7974319
89,74,Rural,Silver,41,4.89,Morning,Premium,115,432.1627923
60,16,Urban,Gold,56,4.33,Night,Premium,126,382.4570671
58,13,Rural,Regular,99,3.62,Morning,Premium,106,351.4393159
68,16,Urban,Silver,93,4.44,Morning,Premium,154,510.1957863
45,19,Suburban,Silver,71,3.72,Night,Economy,121,313.9264406
91,61,Suburban,Gold,100,4.88,Night,Economy,101,372.229822
39,12,Urban,Regular,70,4.02,Morning,Premium,66,314.4680085
97,9,Rural,Gold,58,4.32,Evening,Premium,142,491.5779539
42,18,Suburban,Silver,39,3.94,Afternoon,Economy,128,527.1558944
27,15,Urban,Gold,11,3.77,Evening,Economy,111,432.8493969
67,48,Rural,Regular,94,4.3,Evening,Premium,168,544.6027808
69,51,Urban,Regular,75,3.57,Night,Premium,136,470.1827135
69,47,Urban,Regular,65,4.22,Night,Economy,18,53.53910401
93,18,Suburban,Gold,34,3.54,Afternoon,Economy,80,352.0685727
84,74,Suburban,Regular,7,4.4,Afternoon,Premium,101,396.3698341
96,48,Urban,Gold,41,4.39,Morning,Economy,130,367.7829981
30,13,Suburban,Gold,72,4.18,Night,Premium,113,352.9356731
60,48,Suburban,Regular,15,4.06,Morning,Economy,78,339.1055826
72,39,Urban,Regular,39,3.77,Night,Premium,115,347.8959667
31,13,Suburban,Regular,82,4.63,Morning,Economy,108,469.2509136
71,13,Rural,Silver,60,4.3,Night,Premium,62,213.8430201
91,61,Rural,Silver,86,4.44,Morning,Premium,129,567.5392185
91,60,Rural,Gold,2,3.53,Evening,Premium,107,492.1790132
32,6,Urban,Silver,13,4.75,Afternoon,Economy,53,173.8874745
23,10,Suburban,Gold,47,4.84,Evening,Economy,125,418.1068244
61,47,Suburban,Silver,100,4.58,Night,Premium,157,658.3040013
57,40,Urban,Regular,78,3.62,Afternoon,Economy,171,764.5953414
89,70,Suburban,Gold,86,4.51,Afternoon,Economy,90,384.209292
64,45,Rural,Gold,22,3.96,Night,Premium,118,404.6018875
91,29,Urban,Regular,82,3.73,Afternoon,Premium,90,446.8170258
91,53,Suburban,Gold,67,4.56,Night,Economy,50,158.1067232
69,37,Suburban,Regular,47,4.39,Evening,Premium,60,284.2362895
71,61,Suburban,Regular,79,3.85,Afternoon,Economy,147,591.2989763
38,7,Rural,Silver,28,3.85,Evening,Economy,12,36.00027803
100,32,Suburban,Regular,67,3.94,Evening,Premium,162,581.1370846
65,51,Suburban,Gold,97,4.81,Night,Premium,144,588.1367699
73,38,Urban,Regular,91,4.23,Evening,Premium,86,400.267333
56,25,Suburban,Regular,87,3.73,Evening,Premium,172,575.4102708
75,55,Rural,Silver,80,4.7,Morning,Economy,69,190.9788527
97,21,Urban,Regular,43,3.79,Afternoon,Premium,106,398.1593839
94,71,Rural,Regular,48,4.73,Night,Premium,169,770.8733245
53,22,Urban,Silver,28,4.99,Afternoon,Premium,64,211.082023
81,8,Rural,Silver,78,4.8,Afternoon,Premium,141,618.4288567
47,34,Rural,Silver,87,3.53,Morning,Premium,170,739.22712
80,48,Suburban,Regular,13,4.44,Night,Economy,35,128.7410739
75,55,Rural,Gold,54,4.73,Night,Premium,145,584.49173
89,12,Urban,Silver,42,4.73,Afternoon,Economy,102,328.3139822
30,13,Rural,Gold,8,4.1,Afternoon,Economy,94,274.6803754
64,5,Rural,Gold,91,4.34,Evening,Premium,21,108.2430435
55,29,Suburban,Gold,92,4.85,Morning,Economy,44,181.7809396
94,76,Suburban,Gold,26,4.7,Morning,Premium,94,405.3179545
53,28,Urban,Gold,6,3.67,Evening,Economy,178,775.7916852
29,7,Suburban,Regular,68,3.98,Morning,Economy,114,289.1296809
29,17,Urban,Silver,76,3.61,Morning,Economy,166,674.1328476
75,42,Suburban,Silver,38,4.25,Afternoon,Economy,146,479.1199534
74,53,Suburban,Regular,60,3.93,Night,Economy,162,676.4404324
89,75,Urban,Silver,10,4.91,Evening,Economy,16,54.44953819
29,13,Suburban,Gold,44,4.29,Evening,Premium,87,267.740417
40,20,Rural,Silver,45,4.42,Evening,Premium,130,445.4842486
79,11,Urban,Regular,1,4.35,Night,Premium,45,210.2567597
98,87,Urban,Gold,87,4.28,Afternoon,Premium,170,603.8458025
95,76,Urban,Regular,74,4.39,Night,Economy,118,464.9915827
79,13,Rural,Gold,67,4.05,Evening,Premium,151,514.9363492
38,22,Suburban,Regular,18,4.17,Night,Premium,121,450.5387531
83,41,Suburban,Silver,48,3.64,Evening,Economy,176,741.3443926
59,24,Suburban,Regular,40,4,Afternoon,Premium,147,631.631297
51,11,Suburban,Regular,72,3.62,Afternoon,Economy,16,71.21364105
64,46,Rural,Silver,51,5,Evening,Premium,29,144.6013825
30,6,Rural,Regular,93,3.81,Evening,Economy,129,505.9219688
60,15,Suburban,Regular,95,4.84,Afternoon,Economy,180,726.3339146
75,51,Rural,Regular,17,4.83,Afternoon,Premium,79,283.4132788
25,15,Suburban,Regular,88,4.68,Afternoon,Premium,31,148.1864882
46,31,Suburban,Gold,67,3.53,Morning,Economy,61,158.5920931
48,11,Urban,Regular,86,3.55,Night,Economy,15,57.89462608
51,6,Rural,Gold,64,4.57,Morning,Economy,34,142.5577269
68,23,Suburban,Gold,96,4.77,Morning,Economy,105,359.1281131
89,8,Suburban,Silver,18,3.83,Morning,Economy,121,407.5520588
84,55,Suburban,Regular,1,4.47,Afternoon,Economy,146,487.3991192
50,8,Rural,Regular,25,3.8,Evening,Premium,13,89.61312852
99,40,Urban,Gold,26,4.83,Evening,Premium,151,510.6580782
21,9,Urban,Gold,91,4.82,Morning,Economy,47,171.6271186
53,19,Suburban,Silver,54,3.84,Evening,Economy,132,520.5653406
60,16,Urban,Gold,68,4.23,Night,Economy,108,458.0963268
32,22,Suburban,Silver,9,4.68,Night,Premium,135,530.1491564
51,25,Rural,Regular,21,4.43,Evening,Premium,38,200.2582591
22,5,Urban,Regular,75,4.39,Night,Premium,19,128.0167602
21,7,Rural,Regular,6,4.96,Afternoon,Premium,180,836.1164186
55,21,Rural,Silver,49,4.59,Morning,Economy,111,471.0890519
42,31,Rural,Gold,32,4.75,Night,Economy,12,50.64017558
86,26,Rural,Silver,31,3.69,Afternoon,Economy,85,263.1611767
48,18,Rural,Silver,60,4.47,Afternoon,Premium,124,524.1655595
82,65,Urban,Gold,43,4.8,Night,Premium,112,330.2265438
63,48,Rural,Regular,88,4.09,Morning,Economy,70,212.7407519
44,24,Urban,Regular,83,3.61,Night,Economy,13,48.92895254
39,18,Suburban,Gold,78,4.21,Afternoon,Economy,165,734.395119
23,7,Rural,Gold,98,4.35,Morning,Economy,76,281.3395023
31,7,Rural,Silver,27,4.73,Morning,Premium,141,476.2898578
44,7,Rural,Regular,55,3.66,Night,Premium,103,490.3421583
23,5,Urban,Gold,92,3.71,Night,Economy,105,363.4447759
63,46,Urban,Silver,36,4.59,Morning,Economy,18,49.83993576
25,15,Urban,Gold,15,4.18,Morning,Premium,176,516.829559
27,11,Rural,Regular,1,4.34,Night,Economy,99,262.6864664
57,28,Urban,Gold,27,4.58,Afternoon,Economy,107,423.5098574
83,26,Suburban,Gold,77,3.62,Night,Premium,74,373.9756358
80,5,Suburban,Regular,53,3.67,Evening,Premium,48,184.2429447
50,40,Rural,Silver,61,4.7,Evening,Premium,73,319.1109829
84,8,Rural,Gold,21,4.63,Night,Economy,172,549.2008068
90,54,Rural,Regular,1,3.59,Afternoon,Premium,87,427.8571629
28,9,Urban,Silver,68,4.82,Evening,Premium,43,164.3163905
97,64,Rural,Silver,62,3.52,Morning,Premium,152,638.1340202
99,22,Suburban,Silver,7,4.4,Morning,Economy,39,131.4435872
96,53,Rural,Regular,58,4.28,Afternoon,Economy,21,55.6373708
88,69,Rural,Gold,89,3.6,Evening,Premium,107,467.9274949
53,17,Rural,Silver,78,4.03,Afternoon,Premium,26,120.2471929
28,14,Rural,Silver,77,3.58,Afternoon,Economy,98,374.6551828
59,21,Rural,Regular,97,3.6,Afternoon,Premium,67,269.4441402
50,27,Suburban,Gold,100,4.22,Morning,Premium,173,685.6696936
89,8,Urban,Gold,40,3.59,Morning,Premium,151,528.0024896
83,34,Urban,Silver,96,4.71,Evening,Premium,176,812.0729939
73,14,Urban,Gold,28,4.31,Evening,Economy,29,118.9730584
76,35,Suburban,Regular,8,4.89,Afternoon,Premium,138,406.5899108
56,35,Rural,Silver,33,3.97,Morning,Economy,47,134.7758295
40,20,Rural,Regular,11,4.4,Afternoon,Economy,83,343.79852
27,6,Urban,Silver,92,3.73,Night,Premium,125,460.2837625
32,7,Urban,Regular,79,4.05,Morning,Economy,83,306.3904612
48,24,Urban,Silver,35,4.2,Night,Premium,51,251.4211394
71,41,Urban,Gold,31,3.81,Afternoon,Premium,140,614.6367132
53,6,Rural,Silver,74,4.12,Night,Economy,76,231.1651668
87,44,Rural,Silver,61,3.87,Evening,Premium,16,117.7636645
36,16,Urban,Regular,82,4.62,Afternoon,Premium,72,253.4912438
39,20,Rural,Gold,71,4.11,Morning,Economy,111,404.5983992
91,81,Rural,Gold,15,4.68,Evening,Premium,20,135.1772701
31,18,Urban,Regular,46,4.86,Night,Economy,128,360.8585507
94,67,Suburban,Silver,34,4.64,Night,Premium,64,231.3263185
83,18,Urban,Gold,12,4.98,Morning,Economy,81,286.4092944
34,9,Urban,Silver,65,4.69,Afternoon,Premium,107,508.7118175
32,6,Rural,Gold,75,4.47,Morning,Premium,154,721.7212691
22,7,Urban,Gold,15,3.53,Evening,Premium,180,552.2693747
49,20,Rural,Silver,52,4.74,Afternoon,Premium,162,510.6268914
61,38,Urban,Silver,95,3.5,Night,Economy,164,415.9794524
21,9,Urban,Gold,48,4.4,Afternoon,Premium,152,660.059708
40,18,Urban,Silver,16,4.59,Afternoon,Premium,157,644.0445755
22,6,Urban,Silver,82,4.3,Morning,Premium,172,710.8843138
34,11,Suburban,Gold,66,4.59,Morning,Economy,134,478.2001536
56,31,Rural,Silver,9,4.79,Afternoon,Premium,167,744.4180992
93,36,Urban,Gold,60,4.63,Afternoon,Economy,111,478.7697584
38,9,Suburban,Gold,57,4.26,Morning,Premium,16,104.0560727
76,26,Suburban,Silver,74,4.18,Evening,Premium,159,486.1839276
47,24,Suburban,Silver,11,3.62,Night,Premium,148,657.0936874
64,10,Urban,Silver,62,4.98,Evening,Economy,38,96.30074138
56,10,Rural,Gold,28,3.8,Afternoon,Economy,144,609.9082747
44,25,Rural,Silver,32,4.43,Night,Premium,154,502.1012063
34,6,Rural,Regular,11,3.75,Morning,Economy,179,465.7190585
45,18,Suburban,Silver,70,3.84,Night,Economy,122,308.4359179
31,7,Rural,Regular,22,4.88,Afternoon,Premium,172,806.0212702
95,28,Rural,Regular,34,4.48,Evening,Economy,163,576.967572
82,59,Rural,Regular,39,3.5,Night,Premium,67,284.2944207
95,38,Urban,Silver,39,3.71,Afternoon,Premium,97,478.3662772
27,12,Suburban,Silver,1,4.93,Evening,Economy,41,119.4824
94,23,Suburban,Regular,71,4.15,Night,Premium,154,532.5097779
66,15,Urban,Silver,88,4.21,Evening,Premium,65,291.9008795
40,6,Rural,Gold,37,4.75,Afternoon,Premium,148,707.8553932
56,27,Suburban,Silver,62,4.74,Evening,Premium,129,435.7154538
54,6,Suburban,Gold,48,4.26,Morning,Economy,154,504.0841142
46,15,Suburban,Silver,96,4.69,Morning,Premium,116,497.3770093
65,16,Suburban,Silver,82,3.62,Evening,Premium,146,460.8002859
96,48,Urban,Gold,11,4.19,Night,Economy,79,272.4960776
47,9,Suburban,Gold,88,4.06,Night,Economy,93,246.9535423
20,7,Urban,Silver,55,4.43,Night,Economy,153,482.7422075
94,57,Suburban,Regular,13,4.04,Afternoon,Economy,60,205.4957596
52,30,Suburban,Silver,25,3.67,Night,Economy,142,531.6062153
71,6,Suburban,Gold,48,4.05,Afternoon,Economy,157,550.9983737
46,8,Rural,Gold,39,3.97,Evening,Premium,123,396.9586998
53,40,Urban,Regular,13,3.79,Night,Economy,118,318.2115758
26,11,Urban,Regular,97,3.64,Morning,Economy,141,427.0550612
100,46,Suburban,Gold,74,3.74,Afternoon,Economy,171,448.3128535
74,38,Urban,Regular,95,5,Evening,Economy,167,455.4083399
53,5,Rural,Gold,100,4.46,Night,Premium,33,179.1708197
75,63,Urban,Gold,24,4.18,Afternoon,Economy,29,104.1858826
44,9,Suburban,Regular,54,4.2,Morning,Premium,13,91.67748869
76,60,Suburban,Regular,81,3.6,Evening,Premium,72,264.0857364
88,18,Suburban,Silver,80,4.83,Evening,Economy,109,424.6569323
54,35,Rural,Gold,95,4.98,Evening,Premium,61,218.9504185
49,30,Urban,Regular,7,3.97,Afternoon,Premium,77,248.1703336
25,8,Urban,Silver,11,4,Afternoon,Economy,109,422.4367392
36,18,Suburban,Gold,15,4.21,Afternoon,Economy,86,280.5240757
42,25,Suburban,Silver,44,4.99,Morning,Premium,122,565.9834811
29,14,Rural,Gold,2,4.69,Night,Premium,180,828.2131346
52,16,Urban,Silver,63,4.13,Morning,Economy,49,132.8468058
37,6,Rural,Gold,59,4.73,Evening,Economy,20,86.17345484
91,17,Rural,Gold,21,4.84,Afternoon,Premium,149,545.3868063
29,8,Rural,Silver,79,4.26,Morning,Premium,133,531.0619846
62,45,Rural,Regular,87,4.74,Afternoon,Premium,20,108.6023565
69,7,Urban,Regular,51,4.56,Afternoon,Premium,103,462.6630441
32,14,Suburban,Silver,80,3.56,Afternoon,Premium,80,254.9510771
78,31,Urban,Gold,6,3.78,Evening,Premium,64,271.012665
53,10,Rural,Silver,10,3.58,Evening,Economy,168,424.4884285
60,50,Suburban,Silver,54,4.57,Afternoon,Premium,38,151.7772865
97,58,Urban,Gold,1,4.11,Morning,Premium,83,383.0749064
87,77,Urban,Gold,12,3.56,Night,Premium,11,97.78450586
74,20,Rural,Silver,68,4.36,Night,Economy,32,119.5940733
90,58,Urban,Gold,1,4.7,Afternoon,Premium,21,126.5727707
21,8,Rural,Regular,69,4.24,Afternoon,Premium,176,829.5343799
70,35,Urban,Silver,35,4.9,Night,Premium,108,418.8153495
37,7,Suburban,Regular,1,3.92,Evening,Economy,62,233.2131028
30,11,Rural,Gold,93,3.56,Night,Premium,155,701.1414725
64,22,Urban,Regular,26,4.24,Evening,Premium,115,388.7296675
40,23,Urban,Silver,6,3.96,Night,Economy,178,528.6080729
28,18,Urban,Gold,100,3.62,Afternoon,Premium,92,382.0384386
85,19,Rural,Gold,17,3.69,Morning,Economy,164,587.3312643
92,77,Urban,Gold,100,4.26,Night,Economy,47,167.7398193
93,56,Suburban,Regular,56,4.65,Evening,Premium,86,304.8360145
36,25,Rural,Regular,26,3.57,Afternoon,Economy,122,354.154098
94,50,Suburban,Regular,88,4.95,Night,Premium,49,250.4603273
27,8,Rural,Gold,48,4.18,Afternoon,Economy,167,495.2197782
86,41,Rural,Regular,96,4.5,Morning,Premium,68,301.5483736
22,11,Rural,Regular,39,4.63,Evening,Economy,101,433.0345436
95,56,Rural,Silver,86,3.79,Morning,Premium,147,671.4712089
99,89,Urban,Silver,63,4.84,Afternoon,Economy,16,49.71329086
22,8,Rural,Regular,4,4.84,Morning,Economy,122,408.12977
100,85,Suburban,Silver,59,4.46,Evening,Economy,110,329.4837131
61,38,Rural,Silver,100,4.34,Evening,Premium,78,383.3178042
33,18,Suburban,Gold,7,4.01,Night,Economy,105,313.068157
39,22,Rural,Gold,63,3.87,Evening,Premium,170,706.6896359
37,5,Urban,Silver,75,3.88,Evening,Premium,26,142.6153122
95,53,Suburban,Silver,6,4.01,Afternoon,Premium,158,708.8224028
28,6,Suburban,Gold,54,4.03,Afternoon,Premium,168,593.065918
66,17,Urban,Gold,84,4.47,Night,Economy,139,604.3834015
60,11,Suburban,Gold,18,4.29,Evening,Economy,26,100.2582627
94,34,Suburban,Gold,99,4.54,Afternoon,Premium,155,685.7612505
63,12,Urban,Silver,54,4.47,Evening,Premium,140,446.4130123
38,8,Suburban,Silver,59,4.44,Night,Premium,75,291.1079368
35,21,Suburban,Silver,13,4.14,Morning,Premium,36,193.6423939
83,64,Suburban,Gold,78,4.01,Evening,Economy,109,304.52613
62,14,Rural,Silver,33,4.23,Morning,Premium,85,386.8349333
88,48,Urban,Gold,52,4.52,Night,Economy,92,230.8325858
68,11,Rural,Silver,89,3.66,Evening,Economy,93,333.9106727
84,64,Urban,Regular,34,4.13,Evening,Premium,99,353.8098039
40,10,Urban,Regular,60,3.87,Night,Premium,79,293.1981343
93,20,Urban,Regular,38,4.78,Afternoon,Premium,144,447.0830688
57,44,Urban,Gold,78,3.53,Evening,Economy,153,584.888885
67,16,Suburban,Gold,24,4.52,Evening,Premium,150,488.1872512
68,16,Urban,Silver,91,4.49,Night,Economy,77,246.7577555
38,22,Urban,Gold,60,3.6,Morning,Premium,104,312.1731588
49,28,Urban,Silver,61,3.9,Evening,Premium,172,576.2811193
98,59,Urban,Regular,55,4.6,Morning,Economy,100,381.3912054
47,9,Suburban,Gold,38,4.06,Morning,Economy,141,543.7702542
27,11,Urban,Regular,97,4.78,Evening,Premium,137,472.5224038
59,29,Urban,Regular,68,4.4,Night,Premium,88,286.0589701
56,20,Urban,Regular,74,4.05,Evening,Economy,25,88.95619552
50,39,Urban,Gold,62,3.95,Morning,Premium,135,646.9811779
93,37,Urban,Gold,37,4.75,Night,Economy,76,292.9246564
46,22,Rural,Regular,97,3.51,Morning,Economy,100,395.7698468
56,19,Suburban,Silver,16,4.46,Evening,Premium,86,279.6798101
37,16,Suburban,Gold,8,4.5,Evening,Economy,46,192.5029774
85,58,Urban,Regular,85,4.1,Night,Premium,92,351.7702933
27,7,Urban,Regular,89,3.6,Morning,Premium,120,555.4019371
44,16,Rural,Silver,31,3.96,Night,Premium,122,395.378157
75,51,Suburban,Regular,68,3.65,Afternoon,Premium,66,261.5103068
21,11,Urban,Gold,46,3.84,Morning,Economy,103,397.5648404
42,29,Suburban,Silver,67,4.59,Morning,Premium,153,735.2764383
25,15,Suburban,Silver,100,4.9,Night,Premium,94,289.4570095
67,46,Suburban,Regular,92,4.72,Morning,Economy,32,97.67500136
29,6,Suburban,Silver,24,4.37,Afternoon,Economy,50,197.4639216
100,70,Urban,Gold,42,4.9,Night,Premium,167,762.8822843
37,10,Suburban,Gold,27,4.26,Afternoon,Economy,143,512.4493927
31,14,Urban,Gold,37,4.3,Night,Premium,103,484.4661864
49,12,Suburban,Silver,30,4.37,Afternoon,Premium,84,353.0184088
42,19,Rural,Regular,56,4.84,Evening,Premium,144,539.7316715
61,5,Rural,Regular,48,4.15,Morning,Economy,29,114.1636548
24,7,Suburban,Gold,85,4.36,Night,Economy,169,521.408046
20,10,Rural,Regular,18,4.28,Evening,Premium,123,450.3878805
22,9,Urban,Silver,36,4.51,Evening,Premium,10,82.69156896
98,87,Suburban,Regular,59,4.26,Afternoon,Economy,13,34.57409278
30,14,Urban,Silver,64,4.45,Afternoon,Economy,147,535.1718879
32,13,Urban,Regular,75,4.56,Evening,Premium,111,333.4011668
22,12,Urban,Silver,49,4.88,Night,Premium,35,179.8388199
62,8,Urban,Silver,13,4.2,Night,Premium,65,241.9912178
51,27,Urban,Gold,8,4.31,Night,Economy,92,369.3803924
85,74,Suburban,Regular,82,3.92,Evening,Premium,177,704.3001292
28,9,Urban,Silver,26,3.95,Night,Premium,114,466.9720738
93,70,Suburban,Silver,21,3.81,Evening,Economy,12,41.12164472
36,9,Suburban,Silver,53,4.46,Night,Premium,127,404.0297998
80,22,Rural,Gold,17,4.4,Morning,Economy,141,423.754418
60,24,Rural,Regular,18,4.16,Morning,Premium,45,165.7246625
97,45,Urban,Silver,90,3.71,Morning,Premium,151,578.8213878
53,14,Suburban,Silver,24,3.99,Afternoon,Premium,161,707.4493979
79,22,Rural,Silver,53,3.96,Evening,Premium,126,542.809573
44,24,Urban,Silver,55,4.08,Afternoon,Premium,137,513.9900767
34,12,Suburban,Regular,3,4.83,Night,Premium,62,298.35562
55,12,Urban,Silver,96,4.66,Morning,Premium,48,183.2701657
49,29,Suburban,Regular,35,4.8,Evening,Premium,160,468.3069202
72,54,Rural,Regular,68,3.85,Afternoon,Economy,74,220.4983368
72,27,Urban,Gold,76,3.97,Morning,Premium,70,265.9466151
99,6,Suburban,Gold,49,4.32,Afternoon,Economy,113,311.4894374
21,10,Rural,Regular,22,4.42,Morning,Economy,151,647.8477765
50,25,Urban,Silver,89,4.74,Afternoon,Economy,107,383.914142
61,35,Rural,Silver,4,4.77,Morning,Premium,115,557.9161858
24,5,Rural,Silver,57,4.96,Night,Premium,70,228.7960084
31,17,Rural,Silver,71,4.46,Evening,Premium,55,237.7686221
35,20,Suburban,Regular,62,3.55,Afternoon,Economy,117,297.0874039
74,30,Urban,Regular,97,3.9,Evening,Economy,179,794.3231511
94,61,Urban,Regular,12,4.95,Evening,Premium,133,563.8497972
44,11,Rural,Silver,31,3.92,Afternoon,Premium,110,339.2870735
84,37,Urban,Gold,3,3.83,Evening,Premium,69,248.9476554
27,12,Suburban,Regular,39,4.51,Morning,Premium,55,279.2686999
59,36,Suburban,Regular,43,3.74,Evening,Premium,25,145.0422383
82,20,Urban,Regular,59,3.99,Night,Premium,45,241.8259565
24,10,Urban,Gold,24,4.09,Morning,Premium,97,430.6098548
84,67,Suburban,Regular,48,4.87,Night,Economy,81,219.9937068
52,9,Suburban,Regular,24,4.19,Morning,Economy,102,366.7282586
38,12,Rural,Silver,44,4.85,Evening,Economy,110,356.8814026
26,12,Urban,Regular,80,4.27,Afternoon,Economy,134,441.4714773
61,39,Suburban,Regular,82,4.49,Morning,Premium,46,230.1431448
87,41,Rural,Gold,97,4.27,Afternoon,Premium,37,158.89198
98,46,Suburban,Gold,55,4.71,Evening,Economy,173,766.9193242
24,13,Urban,Silver,54,4.09,Morning,Economy,161,466.7229822
44,8,Urban,Gold,43,3.82,Night,Economy,86,233.5066238
71,59,Urban,Regular,71,4.47,Evening,Economy,31,104.1037338
91,59,Urban,Silver,68,4.77,Night,Economy,15,38.33576819
32,14,Urban,Gold,75,4.49,Night,Economy,177,761.0167601
79,24,Urban,Silver,0,4.26,Evening,Economy,82,284.8625063
73,27,Urban,Regular,55,4.27,Morning,Premium,50,216.0601959
32,16,Rural,Silver,80,4.78,Morning,Economy,11,39.3737012
22,10,Rural,Silver,5,4.44,Morning,Premium,129,471.7821019
35,19,Urban,Silver,45,4.99,Afternoon,Economy,159,508.6730025
24,10,Suburban,Regular,79,4.3,Night,Economy,24,95.11851082
67,31,Rural,Gold,64,3.62,Night,Economy,169,735.1444901
100,73,Urban,Silver,95,3.98,Night,Premium,100,456.603073
66,16,Urban,Silver,94,4.52,Morning,Economy,34,122.2418752
96,36,Urban,Regular,57,4.06,Evening,Premium,139,599.8171406
60,8,Urban,Regular,68,4.84,Morning,Premium,144,438.5186068
92,31,Rural,Silver,54,3.91,Night,Premium,148,516.1330392
92,49,Urban,Silver,9,4.23,Evening,Premium,89,397.4831041
56,37,Urban,Silver,27,4.12,Afternoon,Premium,68,317.8400261
88,71,Rural,Regular,42,4.87,Afternoon,Premium,109,330.7836403
87,47,Rural,Silver,6,4.54,Morning,Premium,162,743.3166378
85,6,Suburban,Gold,92,4.11,Afternoon,Economy,73,274.1712773
98,54,Rural,Regular,34,4.57,Evening,Premium,113,462.4075929
28,14,Rural,Regular,24,4.2,Afternoon,Economy,147,533.0802632
36,9,Suburban,Silver,22,3.51,Night,Premium,37,143.2178422
20,8,Suburban,Silver,38,4.82,Night,Premium,155,574.9456425
94,36,Rural,Regular,41,4.57,Morning,Economy,76,215.7417616
94,82,Suburban,Gold,48,4.92,Morning,Premium,20,129.7685299
70,7,Urban,Regular,13,4.09,Afternoon,Economy,117,321.0007658
90,71,Suburban,Regular,37,3.51,Morning,Premium,32,172.592775
42,10,Urban,Silver,56,4.01,Night,Premium,95,455.2097852
44,18,Suburban,Gold,88,3.67,Night,Premium,50,199.8397441
60,16,Suburban,Regular,28,3.91,Evening,Economy,105,281.0970651
26,5,Rural,Silver,7,4.75,Afternoon,Premium,140,413.5480019
79,13,Rural,Regular,6,4.63,Afternoon,Economy,38,134.0943259
26,8,Rural,Gold,65,3.58,Night,Premium,89,378.5039616
62,7,Urban,Silver,2,4.71,Morning,Premium,28,162.0535855
42,16,Rural,Gold,33,3.63,Morning,Economy,166,513.1161278
57,16,Urban,Regular,0,3.95,Afternoon,Economy,97,308.6385555
33,13,Rural,Gold,34,4.78,Morning,Economy,66,239.0885465
22,10,Rural,Regular,26,4.97,Morning,Economy,170,562.1650161
67,44,Urban,Regular,27,4.69,Morning,Economy,129,467.0198949
62,15,Suburban,Silver,15,4.28,Night,Economy,73,327.4333417
95,49,Rural,Regular,92,4.27,Night,Premium,99,332.0936161
61,36,Urban,Silver,72,4.64,Night,Premium,109,457.0853189
48,12,Rural,Silver,25,4.26,Night,Economy,180,552.8162271
93,59,Rural,Regular,30,4.11,Afternoon,Premium,89,281.0521289
59,18,Urban,Gold,67,3.86,Morning,Economy,98,288.345153
95,73,Urban,Regular,20,3.59,Evening,Premium,138,666.824206
71,33,Suburban,Regular,4,4.88,Evening,Premium,109,436.0192373
20,7,Suburban,Gold,71,3.83,Morning,Premium,51,248.2203068
23,7,Urban,Gold,96,3.97,Afternoon,Premium,165,493.233884
80,69,Suburban,Silver,94,4.44,Night,Economy,74,291.5110821
58,10,Urban,Gold,51,4.27,Night,Premium,138,459.0606515
71,25,Urban,Gold,72,4.46,Evening,Economy,169,603.9358824
69,26,Rural,Gold,48,4.28,Evening,Premium,175,502.6040622
89,54,Suburban,Gold,48,4.38,Afternoon,Economy,24,74.78832689
84,62,Urban,Silver,52,4.61,Afternoon,Economy,29,126.2308115
98,61,Urban,Silver,91,4.28,Night,Economy,95,319.9423796
95,25,Urban,Gold,26,3.62,Morning,Economy,81,207.6129192
79,29,Rural,Silver,29,4.22,Night,Economy,99,304.7441779
82,10,Urban,Silver,97,4.43,Night,Economy,177,481.7658793
87,5,Rural,Gold,6,3.76,Evening,Economy,28,83.33537482
83,35,Rural,Gold,3,4.32,Night,Premium,116,513.6451022
47,9,Rural,Regular,5,4.81,Night,Premium,178,561.3748775
34,7,Urban,Silver,54,4.71,Night,Premium,149,516.5111729
26,13,Rural,Regular,14,4.19,Morning,Economy,174,666.4286806
88,7,Rural,Gold,11,3.64,Night,Premium,130,573.2085394
57,26,Rural,Regular,92,3.8,Evening,Premium,67,283.7979252
45,17,Rural,Silver,67,4.7,Afternoon,Economy,15,66.78323719
82,26,Urban,Gold,35,4.71,Morning,Economy,114,289.2390325
54,39,Rural,Gold,88,4.59,Evening,Economy,42,147.4263866
95,24,Suburban,Gold,79,3.5,Afternoon,Economy,130,552.2304431
63,31,Suburban,Silver,2,3.81,Evening,Premium,160,632.5601419
43,18,Urban,Gold,58,4.22,Evening,Economy,156,494.7452575
33,14,Suburban,Regular,87,4.81,Evening,Premium,17,118.9865334
33,23,Urban,Gold,24,4.21,Morning,Premium,11,91.38952597
84,29,Urban,Regular,92,4.55,Morning,Premium,94,424.1559867
44,6,Suburban,Gold,80,4.13,Night,Premium,40,157.3648303
53,27,Suburban,Regular,78,3.63,Night,Premium,58,279.0950483
78,63,Rural,Gold,14,4.21,Afternoon,Economy,147,655.0651055
